"First Name","Last Name","Address","Gender","Hobbies","Interested Area"
"chirag","chovatiya","junagadh","male","[""Traveling"",""Swimming""]","Orcade"
"demo","demo3","demo32","female","[""Swimming""]","Orcade"
"message","demo mesagae","Bvn","female","[""Swimming""]","Tivoli"
"ajay","patel","Bvn","male","[""Traveling""]","Tivoli"
"Demo","test","sdff","female","[""Swimming""]","Tivoli"
"outer","uuiui","iu","male","[""Traveling"",""Swimming""]","Tivoli"
"test6757","test876289","demo34534","male","[""Traveling"",""Swimming""]","Orcade"
"sort10","test10","num10","female","[""Traveling"",""Swimming""]","Eden"
"form11","tesdt11","reg11","male","[""Swimming""]","Orcade"
"form","custom","name","female","[""Swimming""]","Orcade"
"test","demo","text","female","[""Swimming""]","Tivoli"
"test","demo2","Rj","male","[""Traveling""]","Tivoli"
"raj","patel","jnd","male","[""Traveling""]","Eden"
"hardik","shah","abd","male","[""Swimming""]","Orcade"
"naitik","patel","Bvn","male","[""Swimming""]","Tivoli"
"Hard","test","Bvn","female","[""Swimming""]","Eden"
"hardik","patel","jnd","male","[""Traveling"",""Swimming""]","Orcade"
"testmsg","demomsg","bvn","female","[""Swimming""]","Tivoli"
"keyur","patel","testadd","male","[""Swimming""]","Tivoli"
"message","test2","dem","female","[""Traveling""]","Orcade"
"regform","hellonamae","addrfe","male","[""Swimming""]","Orcade"